Time,Tension,Angle,X,Y,Z,Direction,T200_Forward,T200_Reverse
0.2374734878540039,0.0,0.0,0.0,0.0,0.0,0.0
0.26951146125793457,0.0,0.0,0.0,0.0,0.0,0.0
0.30643272399902344,0.0,0.0,0.0,0.0,0.0,0.0
0.35663747787475586,0.0,0.0,0.0,0.0,0.0,0.0
0.40940284729003906,0.0,0.0,0.0,0.0,0.0,0.0
0.45503830909729004,0.0,0.0,0.0,0.0,0.0,0.0
0.5076808929443359,0.0,0.0,0.0,0.0,0.0,0.0
0.5570518970489502,0.0,0.0,0.0,0.0,0.0,0.0
0.6079196929931641,0.0,0.0,0.0,0.0,0.0,0.0
0.6551730632781982,0.0,0.0,0.0,0.0,0.0,0.0
0.7046923637390137,0.0,0.0,0.0,0.0,0.0,0.0
0.7569375038146973,0.0,0.0,0.0,0.0,0.0,0.0
0.8118500709533691,0.0,0.0,0.0,0.0,0.0,0.0
0.8546836376190186,0.0,0.0,0.0,0.0,0.0,0.0
0.907707691192627,0.0,0.0,0.0,0.0,0.0,0.0
0.9570925235748291,0.0,0.0,0.0,0.0,0.0,0.0
1.004948377609253,0.0,0.0,0.0,0.0,0.0,0.0
1.0572962760925293,0.0,0.0,0.0,0.0,0.0,0.0
1.1076345443725586,0.0,0.0,0.0,0.0,0.0,0.0
1.162233829498291,0.0,0.0,0.0,0.0,0.0,0.0
1.2070460319519043,0.0,0.0,0.0,0.0,0.0,0.0
1.2574515342712402,0.0,0.0,0.0,0.0,0.0,0.0
1.307114601135254,0.0,0.0,0.0,0.0,0.0,0.0
1.3557236194610596,0.0,0.0,0.0,0.0,0.0,0.0
1.4046084880828857,0.0,0.0,0.0,0.0,0.0,0.0
1.4574501514434814,0.0,0.0,0.0,0.0,0.0,0.0
1.505800724029541,0.0,0.0,0.0,0.0,0.0,0.0
1.554983377456665,0.0,0.0,0.0,0.0,0.0,0.0
1.6047403812408447,0.0,0.0,0.0,0.0,0.0,0.0
1.6601014137268066,0.0,0.0,0.0,0.0,0.0,0.0
1.7079143524169922,0.0,0.0,0.0,0.0,0.0,0.0
1.7571914196014404,0.0,0.0,0.0,0.0,0.0,0.0
1.805396318435669,0.0,0.0,0.0,0.0,0.0,0.0
1.8583052158355713,0.0,0.0,0.0,0.0,0.0,0.0
1.9076948165893555,0.0,0.0,0.0,0.0,0.0,0.0
1.956897258758545,0.0,0.0,0.0,0.0,0.0,0.0
2.0042648315429688,0.0,0.0,0.0,0.0,0.0,0.0
2.059142827987671,0.0,0.0,0.0,0.0,0.0,0.0
2.107605457305908,0.0,0.0,0.0,0.0,0.0,0.0
2.1544747352600098,0.0,0.0,0.0,0.0,0.0,0.0
2.2045814990997314,0.0,0.0,0.0,0.0,0.0,0.0
2.2557876110076904,0.0,0.0,0.0,0.0,0.0,0.0
2.3073720932006836,0.0,0.0,0.0,0.0,0.0,0.0
2.3572075366973877,0.0,0.0,0.0,0.0,0.0,0.0
2.4117302894592285,0.0,0.0,0.0,0.0,0.0,0.0
2.4642930030822754,0.0,0.0,0.0,0.0,0.0,0.0
2.5066380500793457,0.0,0.0,0.0,0.0,0.0,0.0
2.556743621826172,0.0,0.0,0.0,0.0,0.0,0.0
2.621128559112549,0.0,0.0,0.0,0.0,0.0,0.0
2.6583292484283447,0.0,0.0,0.0,0.0,0.0,0.0
2.7051517963409424,0.0,0.0,0.0,0.0,0.0,0.0
2.7567942142486572,0.0,0.0,0.0,0.0,0.0,0.0
2.808011531829834,0.0,0.0,0.0,0.0,0.0,0.0
2.856616497039795,0.0,0.0,0.0,0.0,0.0,0.0
2.907534599304199,0.0,0.0,0.0,0.0,0.0,0.0
2.954732894897461,0.0,0.0,0.0,0.0,0.0,0.0
3.005685567855835,0.0,0.0,0.0,0.0,0.0,0.0
3.058098316192627,0.0,0.0,0.0,0.0,0.0,0.0
3.1055872440338135,0.0,0.0,0.0,0.0,0.0,0.0
3.1560168266296387,0.0,0.0,0.0,0.0,0.0,0.0
3.2284135818481445,0.0,0.0,0.0,0.0,0.0,0.0
3.260014295578003,0.0,0.0,0.0,0.0,0.0,0.0
3.307751178741455,0.0,0.0,0.0,0.0,0.0,0.0
3.3553264141082764,0.0,0.0,0.0,0.0,0.0,0.0
3.4090511798858643,0.0,0.0,0.0,0.0,0.0,0.0
3.455226182937622,0.0,0.0,0.0,0.0,0.0,0.0
3.5049359798431396,0.0,0.0,0.0,0.0,0.0,0.0
3.5562758445739746,0.0,0.0,0.0,0.0,0.0,0.0
3.6135032176971436,0.0,0.0,0.0,0.0,0.0,0.0
3.65840744972229,0.0,0.0,0.0,0.0,0.0,0.0
3.704760789871216,0.0,0.0,0.0,0.0,0.0,0.0
3.7570085525512695,0.0,0.0,0.0,0.0,0.0,0.0
3.8067426681518555,0.0,0.0,0.0,0.0,0.0,0.0
3.861692428588867,0.0,0.0,0.0,0.0,0.0,0.0
3.9082529544830322,0.0,0.0,0.0,0.0,0.0,0.0
3.958855390548706,0.0,0.0,0.0,0.0,0.0,0.0
4.009271621704102,0.0,0.0,0.0,0.0,0.0,0.0
4.081393003463745,0.0,0.0,0.0,0.0,0.0,0.0
4.114223003387451,0.0,0.0,0.0,0.0,0.0,0.0
4.156668663024902,0.0,0.0,0.0,0.0,0.0,0.0
4.216053247451782,0.0,0.0,0.0,0.0,0.0,0.0
4.268555641174316,0.0,0.0,0.0,0.0,0.0,0.0
4.304978609085083,0.0,0.0,0.0,0.0,0.0,0.0
4.357732057571411,0.0,0.0,0.0,0.0,0.0,0.0
4.4060750007629395,0.0,0.0,0.0,0.0,0.0,0.0
4.456203460693359,0.0,0.0,0.0,0.0,0.0,0.0
4.50608229637146,0.0,0.0,0.0,0.0,0.0,0.0
4.558933734893799,0.0,0.0,0.0,0.0,0.0,0.0
4.61223030090332,0.0,0.0,0.0,0.0,0.0,0.0
4.657177448272705,0.0,0.0,0.0,0.0,0.0,0.0
4.705355644226074,0.0,0.0,0.0,0.0,0.0,0.0
4.756364107131958,0.0,0.0,0.0,0.0,0.0,0.0
4.8145201206207275,0.0,0.0,0.0,0.0,0.0,0.0
4.856665849685669,0.0,0.0,0.0,0.0,0.0,0.0
4.913757562637329,0.0,0.0,0.0,0.0,0.0,0.0
4.959632873535156,0.0,0.0,0.0,0.0,0.0,0.0
5.016055107116699,0.0,0.0,0.0,0.0,0.0,0.0
5.060995578765869,0.0,0.0,0.0,0.0,0.0,0.0
5.10486912727356,0.0,0.0,0.0,0.0,0.0,0.0
5.155112266540527,0.0,0.0,0.0,0.0,0.0,0.0
5.208776950836182,0.0,0.0,0.0,0.0,0.0,0.0
5.258983612060547,0.0,0.0,0.0,0.0,0.0,0.0
5.3113648891448975,0.0,0.0,0.0,0.0,0.0,0.0
5.355024099349976,0.0,0.0,0.0,0.0,0.0,0.0
5.40582799911499,0.0,0.0,0.0,0.0,0.0,0.0
5.46375584602356,0.0,0.0,0.0,0.0,0.0,0.0
5.511424779891968,0.0,0.0,0.0,0.0,0.0,0.0
5.555253267288208,0.0,0.0,0.0,0.0,0.0,0.0
5.609519958496094,0.0,0.0,0.0,0.0,0.0,0.0
5.659997463226318,0.0,0.0,0.0,0.0,0.0,0.0
5.705315828323364,0.0,0.0,0.0,0.0,0.0,0.0
5.755787134170532,0.0,0.0,0.0,0.0,0.0,0.0
5.807621717453003,0.0,0.0,0.0,0.0,0.0,0.0
5.86045241355896,0.0,0.0,0.0,0.0,0.0,0.0
5.905984878540039,0.0,0.0,0.0,0.0,0.0,0.0
5.955965280532837,0.0,0.0,0.0,0.0,0.0,0.0
6.008518218994141,0.0,0.0,0.0,0.0,0.0,0.0
6.059487342834473,0.0,0.0,0.0,0.0,0.0,0.0
6.106336832046509,0.0,0.0,0.0,0.0,0.0,0.0
6.156961679458618,0.0,0.0,0.0,0.0,0.0,0.0
6.206913232803345,0.0,0.0,0.0,0.0,0.0,0.0
6.258829593658447,0.0,0.0,0.0,0.0,0.0,0.0
6.30610203742981,0.0,0.0,0.0,0.0,0.0,0.0
6.355238437652588,0.0,0.0,0.0,0.0,0.0,0.0
6.4117591381073,0.0,0.0,0.0,0.0,0.0,0.0
6.464618682861328,0.0,0.0,0.0,0.0,0.0,0.0
6.506158113479614,0.0,0.0,0.0,0.0,0.0,0.0
6.566663503646851,0.0,0.0,0.0,0.0,0.0,0.0
6.610103130340576,0.0,0.0,0.0,0.0,0.0,0.0
6.658743143081665,0.0,0.0,0.0,0.0,0.0,0.0
6.705726385116577,0.0,0.0,0.0,0.0,0.0,0.0
6.755736589431763,0.0,0.0,0.0,0.0,0.0,0.0
6.811589002609253,0.0,0.0,0.0,0.0,0.0,0.0
6.868762969970703,0.0,0.0,0.0,0.0,0.0,0.0
6.9057536125183105,0.0,0.0,0.0,0.0,0.0,0.0
6.955485582351685,0.0,0.0,0.0,0.0,0.0,0.0
7.013398885726929,0.0,0.0,0.0,0.0,0.0,0.0
7.063925266265869,0.0,0.0,0.0,0.0,0.0,0.0
7.106041431427002,0.0,0.0,0.0,0.0,0.0,0.0
7.158213138580322,0.0,0.0,0.0,0.0,0.0,0.0
7.215989112854004,0.0,0.0,0.0,0.0,0.0,0.0
7.257968902587891,0.0,0.0,0.0,0.0,0.0,0.0
7.305284261703491,0.0,0.0,0.0,0.0,0.0,0.0
7.355261564254761,0.0,0.0,0.0,0.0,0.0,0.0
7.4279725551605225,0.0,0.0,0.0,0.0,0.0,0.0
7.456243515014648,0.0,0.0,0.0,0.0,0.0,0.0
7.507270097732544,0.0,0.0,0.0,0.0,0.0,0.0
7.555252313613892,0.0,0.0,0.0,0.0,0.0,0.0
7.62183690071106,0.0,0.0,0.0,0.0,0.0,0.0
7.65590238571167,0.0,0.0,0.0,0.0,0.0,0.0
7.705187082290649,0.0,0.0,0.0,0.0,0.0,0.0
7.755255937576294,0.0,0.0,0.0,0.0,0.0,0.0
7.809537887573242,0.0,0.0,0.0,0.0,0.0,0.0
7.855655908584595,0.0,0.0,0.0,0.0,0.0,0.0
7.905211925506592,0.0,0.0,0.0,0.0,0.0,0.0
7.95526123046875,0.0,0.0,0.0,0.0,0.0,0.0
8.022309303283691,0.0,0.0,0.0,0.0,0.0,0.0
8.056790590286255,0.0,0.0,0.0,0.0,0.0,0.0
8.116780757904053,0.0,0.0,0.0,0.0,0.0,0.0
8.164153814315796,0.0,0.0,0.0,0.0,0.0,0.0
8.22091007232666,0.0,0.0,0.0,0.0,0.0,0.0
8.256248712539673,0.0,0.0,0.0,0.0,0.0,0.0
8.306400060653687,0.0,0.0,0.0,0.0,0.0,0.0
8.356168270111084,0.0,0.0,0.0,0.0,0.0,0.0
8.423300981521606,0.0,0.0,0.0,0.0,0.0,0.0
8.45996379852295,0.0,0.0,0.0,0.0,0.0,0.0
8.509710311889648,0.0,0.0,0.0,0.0,0.0,0.0
8.578559875488281,0.0,0.0,0.0,0.0,0.0,0.0
8.614640474319458,0.0,0.0,0.0,0.0,0.0,0.0
8.667483568191528,0.0,0.0,0.0,0.0,0.0,0.0
8.720067501068115,0.0,0.0,0.0,0.0,0.0,0.0
8.760788679122925,0.0,0.0,0.0,0.0,0.0,0.0
8.81890320777893,0.0,0.0,0.0,0.0,0.0,0.0
8.858609199523926,0.0,0.0,0.0,0.0,0.0,0.0
8.905993223190308,0.0,0.0,0.0,0.0,0.0,0.0
8.96060848236084,0.0,0.0,0.0,0.0,0.0,0.0
9.011306047439575,0.0,0.0,0.0,0.0,0.0,0.0
9.060327768325806,0.0,0.0,0.0,0.0,0.0,0.0
9.109715700149536,0.0,0.0,0.0,0.0,0.0,0.0
9.156929969787598,0.0,0.0,0.0,0.0,0.0,0.0
9.220274209976196,0.0,0.0,0.0,0.0,0.0,0.0
9.267727375030518,0.0,0.0,0.0,0.0,0.0,0.0
9.306673526763916,0.0,0.0,0.0,0.0,0.0,0.0
9.37355089187622,0.0,0.0,0.0,0.0,0.0,0.0
9.41074275970459,0.0,0.0,0.0,0.0,0.0,0.0
9.47431755065918,0.0,0.0,0.0,0.0,0.0,0.0
9.510875701904297,0.0,0.0,0.0,0.0,0.0,0.0
9.555838823318481,0.0,0.0,0.0,0.0,0.0,0.0
9.613669395446777,0.0,0.0,0.0,0.0,0.0,0.0
9.664438724517822,0.0,0.0,0.0,0.0,0.0,0.0
9.733032703399658,0.0,0.0,0.0,0.0,0.0,0.0
9.770389795303345,0.0,0.0,0.0,0.0,0.0,0.0
9.812244892120361,0.0,0.0,0.0,0.0,0.0,0.0
9.860860347747803,0.0,0.0,0.0,0.0,0.0,0.0
9.910660028457642,0.0,0.0,0.0,0.0,0.0,0.0
9.968056201934814,0.0,0.0,0.0,0.0,0.0,0.0
10.018942832946777,0.0,0.0,0.0,0.0,0.0,0.0
10.06246018409729,0.0,0.0,0.0,0.0,0.0,0.0
10.112862586975098,0.0,0.0,0.0,0.0,0.0,0.0
10.15668773651123,0.0,0.0,0.0,0.0,0.0,0.0
10.215133666992188,0.0,0.0,0.0,0.0,0.0,0.0
10.259463787078857,0.0,0.0,0.0,0.0,0.0,0.0
10.309816122055054,0.0,0.0,0.0,0.0,0.0,0.0
10.366871356964111,0.0,0.0,0.0,0.0,0.0,0.0
10.411712169647217,0.0,0.0,0.0,0.0,0.0,0.0
10.472431659698486,0.0,0.0,0.0,0.0,0.0,0.0
10.513892412185669,0.0,0.0,0.0,0.0,0.0,0.0
10.561448335647583,0.0,0.0,0.0,0.0,0.0,0.0
10.619922399520874,0.0,0.0,0.0,0.0,0.0,0.0
10.659877061843872,0.0,0.0,0.0,0.0,0.0,0.0
10.71678376197815,0.0,0.0,0.0,0.0,0.0,0.0
10.757508277893066,0.0,0.0,0.0,0.0,0.0,0.0
10.837284564971924,0.0,0.0,0.0,0.0,0.0,0.0
10.882312536239624,0.0,0.0,0.0,0.0,0.0,0.0
10.91460657119751,0.0,0.0,0.0,0.0,0.0,0.0
10.976063251495361,0.0,0.0,0.0,0.0,0.0,0.0
11.014765977859497,0.0,0.0,0.0,0.0,0.0,0.0
11.089976072311401,0.0,0.0,0.0,0.0,0.0,0.0
11.123088121414185,0.0,0.0,0.0,0.0,0.0,0.0
11.15927767753601,0.0,0.0,0.0,0.0,0.0,0.0
11.205816268920898,0.0,0.0,0.0,0.0,0.0,0.0
11.261615753173828,0.0,0.0,0.0,0.0,0.0,0.0
11.30744457244873,0.0,0.0,0.0,0.0,0.0,0.0
11.3553147315979,0.0,0.0,0.0,0.0,0.0,0.0
11.413620948791504,0.0,0.0,0.0,0.0,0.0,0.0
11.472258567810059,0.0,0.0,0.0,0.0,0.0,0.0
11.505417823791504,0.0,0.0,0.0,0.0,0.0,0.0
11.561401844024658,0.0,0.0,0.0,0.0,0.0,0.0
11.62574028968811,0.0,0.0,0.0,0.0,0.0,0.0
11.661280393600464,0.0,0.0,0.0,0.0,0.0,0.0
11.710891246795654,0.0,0.0,0.0,0.0,0.0,0.0
11.766050338745117,0.0,0.0,0.0,0.0,0.0,0.0
11.82629108428955,0.0,0.0,0.0,0.0,0.0,0.0
11.865933418273926,0.0,0.0,0.0,0.0,0.0,0.0
11.908372163772583,0.0,0.0,0.0,0.0,0.0,0.0
11.956622838973999,0.0,0.0,0.0,0.0,0.0,0.0
12.010471105575562,0.0,0.0,0.0,0.0,0.0,0.0
12.086085319519043,0.0,0.0,0.0,0.0,0.0,0.0
12.114144563674927,0.0,0.0,0.0,0.0,0.0,0.0
12.155996084213257,0.0,0.0,0.0,0.0,0.0,0.0
12.214528799057007,0.0,0.0,0.0,0.0,0.0,0.0
12.264404773712158,0.0,0.0,0.0,0.0,0.0,0.0
12.307857513427734,0.0,0.0,0.0,0.0,0.0,0.0
12.355295658111572,0.0,0.0,0.0,0.0,0.0,0.0
12.408820390701294,0.0,0.0,0.0,0.0,0.0,0.0
12.47577953338623,0.0,0.0,0.0,0.0,0.0,0.0
12.519919395446777,0.0,0.0,0.0,0.0,0.0,0.0
12.555169582366943,0.0,0.0,0.0,0.0,0.0,0.0
12.612940788269043,0.0,0.0,0.0,0.0,0.0,0.0
12.669986724853516,0.0,0.0,0.0,0.0,0.0,0.0
12.71527910232544,0.0,0.0,0.0,0.0,0.0,0.0
12.75782060623169,0.0,0.0,0.0,0.0,0.0,0.0
12.815671443939209,0.0,0.0,0.0,0.0,0.0,0.0
12.872230529785156,0.0,0.0,0.0,0.0,0.0,0.0
12.905087232589722,0.0,0.0,0.0,0.0,0.0,0.0
12.968282222747803,0.0,0.0,0.0,0.0,0.0,0.0
13.013449430465698,0.0,0.0,0.0,0.0,0.0,0.0
13.061452150344849,0.0,0.0,0.0,0.0,0.0,0.0
13.105092763900757,0.0,0.0,0.0,0.0,0.0,0.0
13.15546178817749,0.0,0.0,0.0,0.0,0.0,0.0
13.21804666519165,0.0,0.0,0.0,0.0,0.0,0.0
13.260690927505493,0.0,0.0,0.0,0.0,0.0,0.0
13.305371284484863,0.0,0.0,0.0,0.0,0.0,0.0
13.355200052261353,0.0,0.0,0.0,0.0,0.0,0.0
13.406666994094849,0.0,0.0,0.0,0.0,0.0,0.0
13.457249402999878,0.0,0.0,0.0,0.0,0.0,0.0
13.508079290390015,0.0,0.0,0.0,0.0,0.0,0.0
13.558070659637451,0.0,0.0,0.0,0.0,0.0,0.0
13.611301898956299,0.0,0.0,0.0,0.0,0.0,0.0
13.658496856689453,0.0,0.0,0.0,0.0,0.0,0.0
13.705612182617188,0.0,0.0,0.0,0.0,0.0,0.0
13.754767894744873,0.0,0.0,0.0,0.0,0.0,0.0
13.808877229690552,0.0,0.0,0.0,0.0,0.0,0.0
13.856760740280151,0.0,0.0,0.0,0.0,0.0,0.0
13.905004024505615,0.0,0.0,0.0,0.0,0.0,0.0
13.95565414428711,0.0,0.0,0.0,0.0,0.0,0.0
14.005552530288696,0.0,0.0,0.0,0.0,0.0,0.0
14.056888103485107,0.0,0.0,0.0,0.0,0.0,0.0
14.105377435684204,0.0,0.0,0.0,0.0,0.0,0.0
14.158271312713623,0.0,0.0,0.0,0.0,0.0,0.0
14.205362796783447,0.0,0.0,0.0,0.0,0.0,0.0
14.260804176330566,0.0,0.0,0.0,0.0,0.0,0.0
14.305084705352783,0.0,0.0,0.0,0.0,0.0,0.0
14.355119228363037,0.0,0.0,0.0,0.0,0.0,0.0
14.408833503723145,0.0,0.0,0.0,0.0,0.0,0.0
14.468839645385742,0.0,0.0,0.0,0.0,0.0,0.0
14.506964445114136,0.0,0.0,0.0,0.0,0.0,0.0
14.555152654647827,0.0,0.0,0.0,0.0,0.0,0.0
14.608166456222534,0.0,0.0,0.0,0.0,0.0,0.0
14.659027099609375,0.0,0.0,0.0,0.0,0.0,0.0
14.706767559051514,0.0,0.0,0.0,0.0,0.0,0.0
14.755013704299927,0.0,0.0,0.0,0.0,0.0,0.0
14.80896282196045,0.0,0.0,0.0,0.0,0.0,0.0
14.856905460357666,0.0,0.0,0.0,0.0,0.0,0.0
14.91375470161438,0.0,0.0,0.0,0.0,0.0,0.0
14.963582754135132,0.0,0.0,0.0,0.0,0.0,0.0
15.0261390209198,0.0,0.0,0.0,0.0,0.0,0.0
15.065542697906494,0.0,0.0,0.0,0.0,0.0,0.0
15.105111837387085,0.0,0.0,0.0,0.0,0.0,0.0
15.156050443649292,0.0,0.0,0.0,0.0,0.0,0.0
15.207045316696167,0.0,0.0,0.0,0.0,0.0,0.0
15.270515203475952,0.0,0.0,0.0,0.0,0.0,0.0
15.305222749710083,0.0,0.0,0.0,0.0,0.0,0.0
15.355104684829712,0.0,0.0,0.0,0.0,0.0,0.0
15.410244941711426,0.0,0.0,0.0,0.0,0.0,0.0
15.455866575241089,0.0,0.0,0.0,0.0,0.0,0.0
15.506702899932861,0.0,0.0,0.0,0.0,0.0,0.0
15.560497999191284,0.0,0.0,0.0,0.0,0.0,0.0
15.608807563781738,0.0,0.0,0.0,0.0,0.0,0.0
15.6589937210083,0.0,0.0,0.0,0.0,0.0,0.0
15.704941034317017,0.0,0.0,0.0,0.0,0.0,0.0
15.755472660064697,0.0,0.0,0.0,0.0,0.0,0.0
15.808959484100342,0.0,0.0,0.0,0.0,0.0,0.0
15.856257200241089,0.0,0.0,0.0,0.0,0.0,0.0
15.907495737075806,0.0,0.0,0.0,0.0,0.0,0.0
15.955288648605347,0.0,0.0,0.0,0.0,0.0,0.0
16.013442516326904,0.0,0.0,0.0,0.0,0.0,0.0
16.070552825927734,0.0,0.0,0.0,0.0,0.0,0.0
16.105366945266724,0.0,0.0,0.0,0.0,0.0,0.0
16.156277656555176,0.0,0.0,0.0,0.0,0.0,0.0
16.20500349998474,0.0,0.0,0.0,0.0,0.0,0.0
16.273679494857788,0.0,0.0,0.0,0.0,0.0,0.0
16.305092334747314,0.0,0.0,0.0,0.0,0.0,0.0
16.35523009300232,0.0,0.0,0.0,0.0,0.0,0.0
16.407393217086792,0.0,0.0,0.0,0.0,0.0,0.0
16.456841230392456,0.0,0.0,0.0,0.0,0.0,0.0
16.505828857421875,0.0,0.0,0.0,0.0,0.0,0.0
16.55606961250305,0.0,0.0,0.0,0.0,0.0,0.0
16.60829782485962,0.0,0.0,0.0,0.0,0.0,0.0
16.65801215171814,0.0,0.0,0.0,0.0,0.0,0.0
16.70578098297119,0.0,0.0,0.0,0.0,0.0,0.0
16.75516128540039,0.0,0.0,0.0,0.0,0.0,0.0
16.811625242233276,0.0,0.0,0.0,0.0,0.0,0.0
16.863525867462158,0.0,0.0,0.0,0.0,0.0,0.0
16.90540385246277,0.0,0.0,0.0,0.0,0.0,0.0
16.95514702796936,0.0,0.0,0.0,0.0,0.0,0.0
17.006985425949097,0.0,0.0,0.0,0.0,0.0,0.0
17.068183422088623,0.0,0.0,0.0,0.0,0.0,0.0
17.107824087142944,0.0,0.0,0.0,0.0,0.0,0.0
17.163662672042847,0.0,0.0,0.0,0.0,0.0,0.0
17.209574937820435,0.0,0.0,0.0,0.0,0.0,0.0
17.25710415840149,0.0,0.0,0.0,0.0,0.0,0.0
17.320762395858765,0.0,0.0,0.0,0.0,0.0,0.0
17.362568616867065,0.0,0.0,0.0,0.0,0.0,0.0
17.414170026779175,0.0,0.0,0.0,0.0,0.0,0.0
17.458599090576172,0.0,0.0,0.0,0.0,0.0,0.0
17.50809955596924,0.0,0.0,0.0,0.0,0.0,0.0
17.56107783317566,0.0,0.0,0.0,0.0,0.0,0.0
17.616318941116333,0.0,0.0,0.0,0.0,0.0,0.0
17.66551947593689,0.0,0.0,0.0,0.0,0.0,0.0
17.71711826324463,0.0,0.0,0.0,0.0,0.0,0.0
17.76086664199829,0.0,0.0,0.0,0.0,0.0,0.0
17.815823078155518,0.0,0.0,0.0,0.0,0.0,0.0
17.856326580047607,0.0,0.0,0.0,0.0,0.0,0.0
17.906954288482666,0.0,0.0,0.0,0.0,0.0,0.0
17.9569354057312,0.0,0.0,0.0,0.0,0.0,0.0
18.006019830703735,0.0,0.0,0.0,0.0,0.0,0.0
18.059181690216064,0.0,0.0,0.0,0.0,0.0,0.0
18.106308221817017,0.0,0.0,0.0,0.0,0.0,0.0
18.15744137763977,0.0,0.0,0.0,0.0,0.0,0.0
18.204911947250366,0.0,0.0,0.0,0.0,0.0,0.0
18.256213426589966,0.0,0.0,0.0,0.0,0.0,0.0
18.305030822753906,0.0,0.0,0.0,0.0,0.0,0.0
18.36221671104431,0.0,0.0,0.0,0.0,0.0,0.0
18.40562391281128,0.0,0.0,0.0,0.0,0.0,0.0
18.458938598632812,0.0,0.0,0.0,0.0,0.0,0.0
18.506137132644653,0.0,0.0,0.0,0.0,0.0,0.0
18.557129859924316,0.0,0.0,0.0,0.0,0.0,0.0
18.607500791549683,0.0,0.0,0.0,0.0,0.0,0.0
18.6566801071167,0.0,0.0,0.0,0.0,0.0,0.0
18.706883192062378,0.0,0.0,0.0,0.0,0.0,0.0
18.755742073059082,0.0,0.0,0.0,0.0,0.0,0.0
18.808969497680664,0.0,0.0,0.0,0.0,0.0,0.0
18.85615110397339,0.0,0.0,0.0,0.0,0.0,0.0
18.90683889389038,0.0,0.0,0.0,0.0,0.0,0.0
18.955814123153687,0.0,0.0,0.0,0.0,0.0,0.0
19.004718542099,0.0,0.0,0.0,0.0,0.0,0.0
19.058697938919067,0.0,0.0,0.0,0.0,0.0,0.0
19.107227087020874,0.0,0.0,0.0,0.0,0.0,0.0
19.156702756881714,0.0,0.0,0.0,0.0,0.0,0.0
19.20624828338623,0.0,0.0,0.0,0.0,0.0,0.0
19.26324200630188,0.0,0.0,0.0,0.0,0.0,0.0
19.307937383651733,0.0,0.0,0.0,0.0,0.0,0.0
19.35731339454651,0.0,0.0,0.0,0.0,0.0,0.0
19.405311346054077,0.0,0.0,0.0,0.0,0.0,0.0
19.456969499588013,0.0,0.0,0.0,0.0,0.0,0.0
19.506882190704346,0.0,0.0,0.0,0.0,0.0,0.0
19.55722427368164,0.0,0.0,0.0,0.0,0.0,0.0
19.608893394470215,0.0,0.0,0.0,0.0,0.0,0.0
19.66033434867859,0.0,0.0,0.0,0.0,0.0,0.0
19.710594415664673,0.0,0.0,0.0,0.0,0.0,0.0
19.757379055023193,0.0,0.0,0.0,0.0,0.0,0.0
19.808876991271973,0.0,0.0,0.0,0.0,0.0,0.0
19.855243682861328,0.0,0.0,0.0,0.0,0.0,0.0
19.905701875686646,0.0,0.0,0.0,0.0,0.0,0.0
19.957707166671753,0.0,0.0,0.0,0.0,0.0,0.0
20.005779504776,0.0,0.0,0.0,0.0,0.0,0.0
20.06029462814331,0.0,0.0,0.0,0.0,0.0,0.0
20.10599637031555,0.0,0.0,0.0,0.0,0.0,0.0
20.15681028366089,0.0,0.0,0.0,0.0,0.0,0.0
20.208171367645264,0.0,0.0,0.0,0.0,0.0,0.0
20.254494190216064,0.0,0.0,0.0,0.0,0.0,0.0
20.307382822036743,0.0,0.0,0.0,0.0,0.0,0.0
20.35728621482849,0.0,0.0,0.0,0.0,0.0,0.0
20.404937982559204,0.0,0.0,0.0,0.0,0.0,0.0
20.456451416015625,0.0,0.0,0.0,0.0,0.0,0.0
20.505614042282104,0.0,0.0,0.0,0.0,0.0,0.0
20.557690143585205,0.0,0.0,0.0,0.0,0.0,0.0
20.60659646987915,0.0,0.0,0.0,0.0,0.0,0.0
20.658488988876343,0.0,0.0,0.0,0.0,0.0,0.0
20.70480442047119,0.0,0.0,0.0,0.0,0.0,0.0
20.75699210166931,0.0,0.0,0.0,0.0,0.0,0.0
20.80617904663086,0.0,0.0,0.0,0.0,0.0,0.0
20.856791257858276,0.0,0.0,0.0,0.0,0.0,0.0
20.907845973968506,0.0,0.0,0.0,0.0,0.0,0.0
20.959214210510254,0.0,0.0,0.0,0.0,0.0,0.0
21.004637956619263,0.0,0.0,0.0,0.0,0.0,0.0
21.05970335006714,0.0,0.0,0.0,0.0,0.0,0.0
21.107298374176025,0.0,0.0,0.0,0.0,0.0,0.0
21.156007051467896,0.0,0.0,0.0,0.0,0.0,0.0
21.20746612548828,0.0,0.0,0.0,0.0,0.0,0.0
21.259053945541382,0.0,0.0,0.0,0.0,0.0,0.0
21.304913759231567,0.0,0.0,0.0,0.0,0.0,0.0
21.35549759864807,0.0,0.0,0.0,0.0,0.0,0.0
21.40714144706726,0.0,0.0,0.0,0.0,0.0,0.0
21.456435680389404,0.0,0.0,0.0,0.0,0.0,0.0
21.507508277893066,0.0,0.0,0.0,0.0,0.0,0.0
21.55707335472107,0.0,0.0,0.0,0.0,0.0,0.0
21.607682466506958,0.0,0.0,0.0,0.0,0.0,0.0
21.656174421310425,0.0,0.0,0.0,0.0,0.0,0.0
21.70707678794861,0.0,0.0,0.0,0.0,0.0,0.0
21.75735092163086,0.0,0.0,0.0,0.0,0.0,0.0
21.81176996231079,0.0,0.0,0.0,0.0,0.0,0.0
21.85631036758423,0.0,0.0,0.0,0.0,0.0,0.0
21.90703248977661,0.0,0.0,0.0,0.0,0.0,0.0
21.957027912139893,0.0,0.0,0.0,0.0,0.0,0.0
22.005207777023315,0.0,0.0,0.0,0.0,0.0,0.0
22.055949687957764,0.0,0.0,0.0,0.0,0.0,0.0
22.1119487285614,0.0,0.0,0.0,0.0,0.0,0.0
22.15475296974182,0.0,0.0,0.0,0.0,0.0,0.0
22.207767009735107,0.0,0.0,0.0,0.0,0.0,0.0
22.254756212234497,0.0,0.0,0.0,0.0,0.0,0.0
22.308590173721313,0.0,0.0,0.0,0.0,0.0,0.0
22.357113122940063,0.0,0.0,0.0,0.0,0.0,0.0
22.405824661254883,0.0,0.0,0.0,0.0,0.0,0.0
22.455984830856323,0.0,0.0,0.0,0.0,0.0,0.0
22.504270553588867,0.0,0.0,0.0,0.0,0.0,0.0
22.55694890022278,0.0,0.0,0.0,0.0,0.0,0.0
22.613606214523315,0.0,0.0,0.0,0.0,0.0,0.0
22.65932869911194,0.0,0.0,0.0,0.0,0.0,0.0
22.70677876472473,0.0,0.0,0.0,0.0,0.0,0.0
22.757389068603516,0.0,0.0,0.0,0.0,0.0,0.0
22.804956674575806,0.0,0.0,0.0,0.0,0.0,0.0
22.854772567749023,0.0,0.0,0.0,0.0,0.0,0.0
22.905420780181885,0.0,0.0,0.0,0.0,0.0,0.0
22.956873655319214,0.0,0.0,0.0,0.0,0.0,0.0
23.004842519760132,0.0,0.0,0.0,0.0,0.0,0.0
23.05566644668579,0.0,0.0,0.0,0.0,0.0,0.0
23.107640027999878,0.0,0.0,0.0,0.0,0.0,0.0
23.157131910324097,0.0,0.0,0.0,0.0,0.0,0.0
23.204825162887573,0.0,0.0,0.0,0.0,0.0,0.0
23.25579285621643,0.0,0.0,0.0,0.0,0.0,0.0
23.307313442230225,0.0,0.0,0.0,0.0,0.0,0.0
23.355041027069092,0.0,0.0,0.0,0.0,0.0,0.0
23.404680013656616,0.0,0.0,0.0,0.0,0.0,0.0
23.45760178565979,0.0,0.0,0.0,0.0,0.0,0.0
23.507545709609985,0.0,0.0,0.0,0.0,0.0,0.0
23.55717968940735,0.0,0.0,0.0,0.0,0.0,0.0
23.60710096359253,0.0,0.0,0.0,0.0,0.0,0.0
23.65963578224182,0.0,0.0,0.0,0.0,0.0,0.0
23.707491397857666,0.0,0.0,0.0,0.0,0.0,0.0
23.75613498687744,0.0,0.0,0.0,0.0,0.0,0.0
23.806085109710693,0.0,0.0,0.0,0.0,0.0,0.0
23.857290983200073,0.0,0.0,0.0,0.0,0.0,0.0
23.907523155212402,0.0,0.0,0.0,0.0,0.0,0.0
23.95686388015747,0.0,0.0,0.0,0.0,0.0,0.0
24.005249500274658,0.0,0.0,0.0,0.0,0.0,0.0
24.06021475791931,0.0,0.0,0.0,0.0,0.0,0.0
24.104856729507446,0.0,0.0,0.0,0.0,0.0,0.0
24.158734560012817,0.0,0.0,0.0,0.0,0.0,0.0
24.207928895950317,0.0,0.0,0.0,0.0,0.0,0.0
24.25554609298706,0.0,0.0,0.0,0.0,0.0,0.0
24.307222366333008,0.0,0.0,0.0,0.0,0.0,0.0
24.356799364089966,0.0,0.0,0.0,0.0,0.0,0.0
24.405089616775513,0.0,0.0,0.0,0.0,0.0,0.0
24.455841779708862,0.0,0.0,0.0,0.0,0.0,0.0
24.50541639328003,0.0,0.0,0.0,0.0,0.0,0.0
24.55674719810486,0.0,0.0,0.0,0.0,0.0,0.0
24.608808517456055,0.0,0.0,0.0,0.0,0.0,0.0
24.65634799003601,0.0,0.0,0.0,0.0,0.0,0.0
24.705665826797485,0.0,0.0,0.0,0.0,0.0,0.0
24.75745964050293,0.0,0.0,0.0,0.0,0.0,0.0
24.81028461456299,0.0,0.0,0.0,0.0,0.0,0.0
24.85623812675476,0.0,0.0,0.0,0.0,0.0,0.0
24.904415607452393,0.0,0.0,0.0,0.0,0.0,0.0
24.957539796829224,0.0,0.0,0.0,0.0,0.0,0.0
25.0112624168396,0.0,0.0,0.0,0.0,0.0,0.0
25.054816007614136,0.0,0.0,0.0,0.0,0.0,0.0
25.105818271636963,0.0,0.0,0.0,0.0,0.0,0.0
25.157562255859375,0.0,0.0,0.0,0.0,0.0,0.0
25.212453365325928,0.0,0.0,0.0,0.0,0.0,0.0
25.255951166152954,0.0,0.0,0.0,0.0,0.0,0.0
25.306362867355347,0.0,0.0,0.0,0.0,0.0,0.0
25.35680079460144,0.0,0.0,0.0,0.0,0.0,0.0
25.405478715896606,0.0,0.0,0.0,0.0,0.0,0.0
25.454993724822998,0.0,0.0,0.0,0.0,0.0,0.0
25.50558304786682,0.0,0.0,0.0,0.0,0.0,0.0
25.55785298347473,0.0,0.0,0.0,0.0,0.0,0.0
25.607666969299316,0.0,0.0,0.0,0.0,0.0,0.0
25.660377502441406,0.0,0.0,0.0,0.0,0.0,0.0
25.707205057144165,0.0,0.0,0.0,0.0,0.0,0.0
25.76125717163086,0.0,0.0,0.0,0.0,0.0,0.0
25.817325353622437,0.0,0.0,0.0,0.0,0.0,0.0
25.855217933654785,0.0,0.0,0.0,0.0,0.0,0.0
25.907495498657227,0.0,0.0,0.0,0.0,0.0,0.0
25.95855450630188,0.0,0.0,0.0,0.0,0.0,0.0
26.014424324035645,0.0,0.0,0.0,0.0,0.0,0.0
26.060569047927856,0.0,0.0,0.0,0.0,0.0,0.0
26.10691475868225,0.0,0.0,0.0,0.0,0.0,0.0
26.154399394989014,0.0,0.0,0.0,0.0,0.0,0.0
26.205574989318848,0.0,0.0,0.0,0.0,0.0,0.0
26.263925790786743,0.0,0.0,0.0,0.0,0.0,0.0
26.308269500732422,0.0,0.0,0.0,0.0,0.0,0.0
26.365309238433838,0.0,0.0,0.0,0.0,0.0,0.0
26.41095495223999,0.0,0.0,0.0,0.0,0.0,0.0
26.4878089427948,0.0,0.0,0.0,0.0,0.0,0.0
26.508404970169067,0.0,0.0,0.0,0.0,0.0,0.0
26.559410333633423,0.0,0.0,0.0,0.0,0.0,0.0
26.609603881835938,0.0,0.0,0.0,0.0,0.0,0.0
26.65949773788452,0.0,0.0,0.0,0.0,0.0,0.0
26.70695161819458,0.0,0.0,0.0,0.0,0.0,0.0
26.757283449172974,0.0,0.0,0.0,0.0,0.0,0.0
26.8060040473938,0.0,0.0,0.0,0.0,0.0,0.0
26.858234882354736,0.0,0.0,0.0,0.0,0.0,0.0
26.908116579055786,0.0,0.0,0.0,0.0,0.0,0.0
26.9559588432312,0.0,0.0,0.0,0.0,0.0,0.0
27.005093336105347,0.0,0.0,0.0,0.0,0.0,0.0
27.05588984489441,0.0,0.0,0.0,0.0,0.0,0.0
27.10723304748535,0.0,0.0,0.0,0.0,0.0,0.0
27.160542011260986,0.0,0.0,0.0,0.0,0.0,0.0
27.213191509246826,0.0,0.0,0.0,0.0,0.0,0.0
27.259966611862183,0.0,0.0,0.0,0.0,0.0,0.0
27.309905767440796,0.0,0.0,0.0,0.0,0.0,0.0
27.361372470855713,0.0,0.0,0.0,0.0,0.0,0.0
27.42603373527527,0.0,0.0,0.0,0.0,0.0,0.0
27.4578754901886,0.0,0.0,0.0,0.0,0.0,0.0
27.506152391433716,0.0,0.0,0.0,0.0,0.0,0.0
27.55666708946228,0.0,0.0,0.0,0.0,0.0,0.0
27.607281923294067,0.0,0.0,0.0,0.0,0.0,0.0
27.655726671218872,0.0,0.0,0.0,0.0,0.0,0.0
27.704307317733765,0.0,0.0,0.0,0.0,0.0,0.0
27.75717043876648,0.0,0.0,0.0,0.0,0.0,0.0
27.80566096305847,0.0,0.0,0.0,0.0,0.0,0.0
27.856558561325073,0.0,0.0,0.0,0.0,0.0,0.0
27.904101610183716,0.0,0.0,0.0,0.0,0.0,0.0
27.95678973197937,0.0,0.0,0.0,0.0,0.0,0.0
28.00638198852539,0.0,0.0,0.0,0.0,0.0,0.0
28.057703733444214,0.0,0.0,0.0,0.0,0.0,0.0
28.107216119766235,0.0,0.0,0.0,0.0,0.0,0.0
28.158282041549683,0.0,0.0,0.0,0.0,0.0,0.0
28.206761121749878,0.0,0.0,0.0,0.0,0.0,0.0
28.257754802703857,0.0,0.0,0.0,0.0,0.0,0.0
28.307011365890503,0.0,0.0,0.0,0.0,0.0,0.0
28.360187530517578,0.0,0.0,0.0,0.0,0.0,0.0
28.408518075942993,0.0,0.0,0.0,0.0,0.0,0.0
28.456273078918457,0.0,0.0,0.0,0.0,0.0,0.0
28.50615668296814,0.0,0.0,0.0,0.0,0.0,0.0
28.55433440208435,0.0,0.0,0.0,0.0,0.0,0.0
28.607414484024048,0.0,0.0,0.0,0.0,0.0,0.0
28.654996156692505,0.0,0.0,0.0,0.0,0.0,0.0
28.70773720741272,0.0,0.0,0.0,0.0,0.0,0.0
28.75592041015625,0.0,0.0,0.0,0.0,0.0,0.0
28.8057758808136,0.0,0.0,0.0,0.0,0.0,0.0
28.86119818687439,0.0,0.0,0.0,0.0,0.0,0.0
28.906819820404053,0.0,0.0,0.0,0.0,0.0,0.0
28.95683240890503,0.0,0.0,0.0,0.0,0.0,0.0
29.010560989379883,0.0,0.0,0.0,0.0,0.0,0.0
29.055797576904297,0.0,0.0,0.0,0.0,0.0,0.0
29.10679316520691,0.0,0.0,0.0,0.0,0.0,0.0
29.15672516822815,0.0,0.0,0.0,0.0,0.0,0.0
29.20558214187622,0.0,0.0,0.0,0.0,0.0,0.0
29.25455331802368,0.0,0.0,0.0,0.0,0.0,0.0
29.306861400604248,0.0,0.0,0.0,0.0,0.0,0.0
29.35452890396118,0.0,0.0,0.0,0.0,0.0,0.0
29.409668445587158,0.0,0.0,0.0,0.0,0.0,0.0
29.455877780914307,0.0,0.0,0.0,0.0,0.0,0.0
29.51071071624756,0.0,0.0,0.0,0.0,0.0,0.0
29.55638837814331,0.0,0.0,0.0,0.0,0.0,0.0
29.606531620025635,0.0,0.0,0.0,0.0,0.0,0.0
29.65547204017639,0.0,0.0,0.0,0.0,0.0,0.0
29.70514178276062,0.0,0.0,0.0,0.0,0.0,0.0
29.757335424423218,0.0,0.0,0.0,0.0,0.0,0.0
29.811089277267456,0.0,0.0,0.0,0.0,0.0,0.0
29.858163595199585,0.0,0.0,0.0,0.0,0.0,0.0
29.904762744903564,0.0,0.0,0.0,0.0,0.0,0.0
29.95722460746765,0.0,0.0,0.0,0.0,0.0,0.0
30.005459547042847,0.0,0.0,0.0,0.0,0.0,0.0
30.05861783027649,0.0,0.0,0.0,0.0,0.0,0.0
30.107545137405396,0.0,0.0,0.0,0.0,0.0,0.0
30.15790057182312,0.0,0.0,0.0,0.0,0.0,0.0
30.206401824951172,0.0,0.0,0.0,0.0,0.0,0.0
30.255837202072144,0.0,0.0,0.0,0.0,0.0,0.0
30.30579662322998,0.0,0.0,0.0,0.0,0.0,0.0
30.356796741485596,0.0,0.0,0.0,0.0,0.0,0.0
30.407089471817017,0.0,0.0,0.0,0.0,0.0,0.0
30.4551522731781,0.0,0.0,0.0,0.0,0.0,0.0
30.50689172744751,0.0,0.0,0.0,0.0,0.0,0.0
30.55723786354065,0.0,0.0,0.0,0.0,0.0,0.0
30.609870433807373,0.0,0.0,0.0,0.0,0.0,0.0
30.656994581222534,0.0,0.0,0.0,0.0,0.0,0.0
30.707371473312378,0.0,0.0,0.0,0.0,0.0,0.0
30.763017892837524,0.0,0.0,0.0,0.0,0.0,0.0
30.80864977836609,0.0,0.0,0.0,0.0,0.0,0.0
30.855326652526855,0.0,0.0,0.0,0.0,0.0,0.0
30.907734394073486,0.0,0.0,0.0,0.0,0.0,0.0
30.954904556274414,0.0,0.0,0.0,0.0,0.0,0.0
31.008588075637817,0.0,0.0,0.0,0.0,0.0,0.0
31.057363271713257,0.0,0.0,0.0,0.0,0.0,0.0
31.10682439804077,0.0,0.0,0.0,0.0,0.0,0.0
31.155808448791504,0.0,0.0,0.0,0.0,0.0,0.0
31.206653356552124,0.0,0.0,0.0,0.0,0.0,0.0
31.25696563720703,0.0,0.0,0.0,0.0,0.0,0.0
31.307060718536377,0.0,0.0,0.0,0.0,0.0,0.0
31.356791257858276,0.0,0.0,0.0,0.0,0.0,0.0
31.404685974121094,0.0,0.0,0.0,0.0,0.0,0.0
31.458905458450317,0.0,0.0,0.0,0.0,0.0,0.0
31.506874322891235,0.0,0.0,0.0,0.0,0.0,0.0
31.556824684143066,0.0,0.0,0.0,0.0,0.0,0.0
31.607988834381104,0.0,0.0,0.0,0.0,0.0,0.0
31.660775423049927,0.0,0.0,0.0,0.0,0.0,0.0
31.706828832626343,0.0,0.0,0.0,0.0,0.0,0.0
31.754870891571045,0.0,0.0,0.0,0.0,0.0,0.0
31.807260274887085,0.0,0.0,0.0,0.0,0.0,0.0
31.857433080673218,0.0,0.0,0.0,0.0,0.0,0.0
31.906906127929688,0.0,0.0,0.0,0.0,0.0,0.0
31.957051277160645,0.0,0.0,0.0,0.0,0.0,0.0
32.0072557926178,0.0,0.0,0.0,0.0,0.0,0.0
32.05860352516174,0.0,0.0,0.0,0.0,0.0,0.0
32.10981106758118,0.0,0.0,0.0,0.0,0.0,0.0
32.15710473060608,0.0,0.0,0.0,0.0,0.0,0.0
32.20867037773132,0.0,0.0,0.0,0.0,0.0,0.0
32.25905728340149,0.0,0.0,0.0,0.0,0.0,0.0
32.30429935455322,0.0,0.0,0.0,0.0,0.0,0.0
32.357518434524536,0.0,0.0,0.0,0.0,0.0,0.0
32.40542650222778,0.0,0.0,0.0,0.0,0.0,0.0
32.464932441711426,0.0,0.0,0.0,0.0,0.0,0.0
32.50598502159119,0.0,0.0,0.0,0.0,0.0,0.0
32.556652784347534,0.0,0.0,0.0,0.0,0.0,0.0
32.6105318069458,0.0,0.0,0.0,0.0,0.0,0.0
32.65878415107727,0.0,0.0,0.0,0.0,0.0,0.0
32.709747314453125,0.0,0.0,0.0,0.0,0.0,0.0
32.7568621635437,0.0,0.0,0.0,0.0,0.0,0.0
32.80558896064758,0.0,0.0,0.0,0.0,0.0,0.0
32.85552525520325,0.0,0.0,0.0,0.0,0.0,0.0
32.90706014633179,0.0,0.0,0.0,0.0,0.0,0.0
32.95730185508728,0.0,0.0,0.0,0.0,0.0,0.0
33.00536847114563,0.0,0.0,0.0,0.0,0.0,0.0
33.05614686012268,0.0,0.0,0.0,0.0,0.0,0.0
33.10675573348999,0.0,0.0,0.0,0.0,0.0,0.0
33.16473412513733,0.0,0.0,0.0,0.0,0.0,0.0
33.20823907852173,0.0,0.0,0.0,0.0,0.0,0.0
33.2564902305603,0.0,0.0,0.0,0.0,0.0,0.0
33.30693054199219,0.0,0.0,0.0,0.0,0.0,0.0
33.358404874801636,0.0,0.0,0.0,0.0,0.0,0.0
33.405842542648315,0.0,0.0,0.0,0.0,0.0,0.0
33.459304332733154,0.0,0.0,0.0,0.0,0.0,0.0
33.50692415237427,0.0,0.0,0.0,0.0,0.0,0.0
33.55436706542969,0.0,0.0,0.0,0.0,0.0,0.0
33.605854749679565,0.0,0.0,0.0,0.0,0.0,0.0
33.661173582077026,0.0,0.0,0.0,0.0,0.0,0.0
33.70570993423462,0.0,0.0,0.0,0.0,0.0,0.0
33.757253646850586,0.0,0.0,0.0,0.0,0.0,0.0
33.8070387840271,0.0,0.0,0.0,0.0,0.0,0.0
33.8575336933136,0.0,0.0,0.0,0.0,0.0,0.0
33.90743637084961,0.0,0.0,0.0,0.0,0.0,0.0
33.957040309906006,0.0,0.0,0.0,0.0,0.0,0.0
34.00623941421509,0.0,0.0,0.0,0.0,0.0,0.0
34.054401874542236,0.0,0.0,0.0,0.0,0.0,0.0
34.1068754196167,0.0,0.0,0.0,0.0,0.0,0.0
34.154693603515625,0.0,0.0,0.0,0.0,0.0,0.0
34.20488476753235,0.0,0.0,0.0,0.0,0.0,0.0
34.25980091094971,0.0,0.0,0.0,0.0,0.0,0.0
34.306891202926636,0.0,0.0,0.0,0.0,0.0,0.0
34.35732626914978,0.0,0.0,0.0,0.0,0.0,0.0
34.40688729286194,0.0,0.0,0.0,0.0,0.0,0.0
34.455129623413086,0.0,0.0,0.0,0.0,0.0,0.0
34.50704216957092,0.0,0.0,0.0,0.0,0.0,0.0
34.556906938552856,0.0,0.0,0.0,0.0,0.0,0.0
34.609185457229614,0.0,0.0,0.0,0.0,0.0,0.0
34.654491662979126,0.0,0.0,0.0,0.0,0.0,0.0
34.704554080963135,0.0,0.0,0.0,0.0,0.0,0.0
34.757441997528076,0.0,0.0,0.0,0.0,0.0,0.0
34.80497670173645,0.0,0.0,0.0,0.0,0.0,0.0
34.85594129562378,0.0,0.0,0.0,0.0,0.0,0.0
34.906230211257935,0.0,0.0,0.0,0.0,0.0,0.0
34.956809997558594,0.0,0.0,0.0,0.0,0.0,0.0
35.009199380874634,0.0,0.0,0.0,0.0,0.0,0.0
35.057482957839966,0.0,0.0,0.0,0.0,0.0,0.0
35.10806322097778,0.0,0.0,0.0,0.0,0.0,0.0
35.15769124031067,0.0,0.0,0.0,0.0,0.0,0.0
35.20908999443054,0.0,0.0,0.0,0.0,0.0,0.0
35.254971504211426,0.0,0.0,0.0,0.0,0.0,0.0
35.306164503097534,0.0,0.0,0.0,0.0,0.0,0.0
35.356812953948975,0.0,0.0,0.0,0.0,0.0,0.0
35.40925359725952,0.0,0.0,0.0,0.0,0.0,0.0
35.456071853637695,0.0,0.0,0.0,0.0,0.0,0.0
35.50707960128784,0.0,0.0,0.0,0.0,0.0,0.0
35.55721664428711,0.0,0.0,0.0,0.0,0.0,0.0
35.61229872703552,0.0,0.0,0.0,0.0,0.0,0.0
35.657167196273804,0.0,0.0,0.0,0.0,0.0,0.0
35.706871509552,0.0,0.0,0.0,0.0,0.0,0.0
35.757012605667114,0.0,0.0,0.0,0.0,0.0,0.0
35.8055055141449,0.0,0.0,0.0,0.0,0.0,0.0
35.8583562374115,0.0,0.0,0.0,0.0,0.0,0.0
35.90736436843872,0.0,0.0,0.0,0.0,0.0,0.0
35.95516014099121,0.0,0.0,0.0,0.0,0.0,0.0
36.00499939918518,0.0,0.0,0.0,0.0,0.0,0.0
36.06183433532715,0.0,0.0,0.0,0.0,0.0,0.0
36.10416626930237,0.0,0.0,0.0,0.0,0.0,0.0
36.16468787193298,0.0,0.0,0.0,0.0,0.0,0.0
36.205981731414795,0.0,0.0,0.0,0.0,0.0,0.0
36.25829291343689,0.0,0.0,0.0,0.0,0.0,0.0
36.30693554878235,0.0,0.0,0.0,0.0,0.0,0.0
36.357449531555176,0.0,0.0,0.0,0.0,0.0,0.0
36.40518498420715,0.0,0.0,0.0,0.0,0.0,0.0
36.455331563949585,0.0,0.0,0.0,0.0,0.0,0.0
36.50804662704468,0.0,0.0,0.0,0.0,0.0,0.0
36.55557990074158,0.0,0.0,0.0,0.0,0.0,0.0
36.608896255493164,0.0,0.0,0.0,0.0,0.0,0.0
36.65567493438721,0.0,0.0,0.0,0.0,0.0,0.0
36.70767164230347,0.0,0.0,0.0,0.0,0.0,0.0
36.757384300231934,0.0,0.0,0.0,0.0,0.0,0.0
36.80658221244812,0.0,0.0,0.0,0.0,0.0,0.0
36.85617542266846,0.0,0.0,0.0,0.0,0.0,0.0
36.9110324382782,0.0,0.0,0.0,0.0,0.0,0.0
36.956780672073364,0.0,0.0,0.0,0.0,0.0,0.0
37.009751319885254,0.0,0.0,0.0,0.0,0.0,0.0
37.05565309524536,0.0,0.0,0.0,0.0,0.0,0.0
37.1071240901947,0.0,0.0,0.0,0.0,0.0,0.0
37.15680170059204,0.0,0.0,0.0,0.0,0.0,0.0
37.20726799964905,0.0,0.0,0.0,0.0,0.0,0.0
37.258034467697144,0.0,0.0,0.0,0.0,0.0,0.0
37.30504083633423,0.0,0.0,0.0,0.0,0.0,0.0
37.35733389854431,0.0,0.0,0.0,0.0,0.0,0.0
37.405741930007935,0.0,0.0,0.0,0.0,0.0,0.0
37.45570683479309,0.0,0.0,0.0,0.0,0.0,0.0
37.50950264930725,0.0,0.0,0.0,0.0,0.0,0.0
37.557233810424805,0.0,0.0,0.0,0.0,0.0,0.0
37.61019015312195,0.0,0.0,0.0,0.0,0.0,0.0
37.65526723861694,0.0,0.0,0.0,0.0,0.0,0.0
37.70554161071777,0.0,0.0,0.0,0.0,0.0,0.0
37.757490396499634,0.0,0.0,0.0,0.0,0.0,0.0
37.80689525604248,0.0,0.0,0.0,0.0,0.0,0.0
37.85630774497986,0.0,0.0,0.0,0.0,0.0,0.0
37.90524172782898,0.0,0.0,0.0,0.0,0.0,0.0
37.95838761329651,0.0,0.0,0.0,0.0,0.0,0.0
38.00833702087402,0.0,0.0,0.0,0.0,0.0,0.0
38.06210994720459,0.0,0.0,0.0,0.0,0.0,0.0
38.10798501968384,0.0,0.0,0.0,0.0,0.0,0.0
38.160574436187744,0.0,0.0,0.0,0.0,0.0,0.0
38.20993781089783,0.0,0.0,0.0,0.0,0.0,0.0
38.25780725479126,0.0,0.0,0.0,0.0,0.0,0.0
38.306665658950806,0.0,0.0,0.0,0.0,0.0,0.0
38.35737729072571,0.0,0.0,0.0,0.0,0.0,0.0
38.40784525871277,0.0,0.0,0.0,0.0,0.0,0.0
38.46072435379028,0.0,0.0,0.0,0.0,0.0,0.0
38.50642228126526,0.0,0.0,0.0,0.0,0.0,0.0
38.5554986000061,0.0,0.0,0.0,0.0,0.0,0.0
38.61002063751221,0.0,0.0,0.0,0.0,0.0,0.0
38.655173540115356,0.0,0.0,0.0,0.0,0.0,0.0
38.70525360107422,0.0,0.0,0.0,0.0,0.0,0.0
38.757421255111694,0.0,0.0,0.0,0.0,0.0,0.0
38.80827760696411,0.0,0.0,0.0,0.0,0.0,0.0
38.85723090171814,0.0,0.0,0.0,0.0,0.0,0.0
38.90780019760132,0.0,0.0,0.0,0.0,0.0,0.0
38.95460486412048,0.0,0.0,0.0,0.0,0.0,0.0
39.00789928436279,0.0,0.0,0.0,0.0,0.0,0.0
39.05747866630554,0.0,0.0,0.0,0.0,0.0,0.0
39.10697340965271,0.0,0.0,0.0,0.0,0.0,0.0
39.15783905982971,0.0,0.0,0.0,0.0,0.0,0.0
39.20508098602295,0.0,0.0,0.0,0.0,0.0,0.0
39.25594663619995,0.0,0.0,0.0,0.0,0.0,0.0
39.30779957771301,0.0,0.0,0.0,0.0,0.0,0.0
39.356942892074585,0.0,0.0,0.0,0.0,0.0,0.0
39.40669226646423,0.0,0.0,0.0,0.0,0.0,0.0
39.45526480674744,0.0,0.0,0.0,0.0,0.0,0.0
39.50884294509888,0.0,0.0,0.0,0.0,0.0,0.0
39.55758023262024,0.0,0.0,0.0,0.0,0.0,0.0
39.614195108413696,0.0,0.0,0.0,0.0,0.0,0.0
39.655272006988525,0.0,0.0,0.0,0.0,0.0,0.0
39.70497417449951,0.0,0.0,0.0,0.0,0.0,0.0
39.75762391090393,0.0,0.0,0.0,0.0,0.0,0.0
39.80613732337952,0.0,0.0,0.0,0.0,0.0,0.0
